<?xml version="1.0" encoding="utf-8"?>
<extension type="module" client="site" method="upgrade" version="6.0">
    <name>mod_r3dcomments</name>
    <creationDate>2025-11-21</creationDate>
    <version>6.1.9</version>
    <author>Richard Dvořák</author>
    <authorEmail>dev@r3d.de</authorEmail>
    <authorUrl>https://r3d.de</authorUrl>
    <license>GNU GPL v2 or later</license>
    <description>R3D Comments frontend integration module for Joomla 6.</description>

    <files>
        <filename module="mod_r3dcomments">mod_r3dcomments.php</filename>
        <filename>index.html</filename>
        <folder>src</folder>
        <folder>tmpl</folder>
    </files>

    <languages folder="language">
        <language tag="en-GB">en-GB/en-GB.mod_r3dcomments.ini</language>
        <language tag="en-GB">en-GB/en-GB.mod_r3dcomments.sys.ini</language>
        <language tag="de-DE">de-DE/de-DE.mod_r3dcomments.ini</language>
        <language tag="de-DE">de-DE/de-DE.mod_r3dcomments.sys.ini</language>
    </languages>

    <config>
        <fields name="params">
            <fieldset name="basic" label="MOD_R3DCOMMENTS_FIELDSET_BASIC">

                <field
                    name="allowed_categories"
                    type="category"
                    extension="com_content"
                    label="MOD_R3DCOMMENTS_CATEGORIES_LABEL"
                    description="MOD_R3DCOMMENTS_CATEGORIES_DESC"
                    multiple="true"
                />

                <field
                    name="include_subcats"
                    type="radio"
                    default="1"
                    label="MOD_R3DCOMMENTS_SUBCATS_LABEL"
                    description="MOD_R3DCOMMENTS_SUBCATS_DESC">
                    <option value="1">JYES</option>
                    <option value="0">JNO</option>
                </field>

            </fieldset>
        </fields>
    </config>
</extension>
